"run_time","rv_time","rv_time_utc","regime","Hattingen","Wetter","Herdecke","Witten","Froendenberg","Meschede","Hohenlimburg","Hattingen_W","pred_Q_3h","pred_Q_6h","pred_Q_12h"
"2026-07-19 15:21:03","2026-07-19 13:00:00","2026-07-19 12:00:00","niedrigwasser",16.9,20.6,1.34,18.4,3.95,2.04,7.18,93,19.87,19.36,19.94
"2026-07-19 16:05:20","2026-07-19 14:00:00","2026-07-19 13:00:00","niedrigwasser",17.4,20.6,3.54,20.9,3.1,2.56,7.18,95,20.07,19.35,19.64
"2026-07-19 17:05:26","2026-07-19 15:00:00","2026-07-19 14:00:00","niedrigwasser",17.9,20.6,5.74,21.3,1.45,2.56,7.18,97,20.39,19.48,19.38
"2026-07-19 18:05:26","2026-07-19 16:00:00","2026-07-19 15:00:00","niedrigwasser",17.9,19.1,6.4,20.1,0.75,2.29,7.18,97,19.57,18.43,18.01
"2026-07-19 19:05:26","2026-07-19 17:00:00","2026-07-19 16:00:00","niedrigwasser",18.2,18.2,8.5,18.8,0.9,2.22,7.18,98,19.25,18.1,17.55
"2026-07-19 20:05:26","2026-07-19 18:00:00","2026-07-19 17:00:00","niedrigwasser",18.2,17.7,12.1,16.7,0.65,2.52,7.18,98,19.08,18.19,17.72
"2026-07-19 21:05:26","2026-07-19 19:00:00","2026-07-19 18:00:00","niedrigwasser",18.2,17.7,13.6,16.3,0.9,2.52,7.18,98,19.13,18.41,18.04
"2026-07-19 22:05:26","2026-07-19 20:00:00","2026-07-19 19:00:00","niedrigwasser",17.6,17.7,18.6,14.6,1.55,2.33,6.83,96,19.07,19.06,19.08
"2026-07-19 23:05:27","2026-07-19 21:00:00","2026-07-19 20:00:00","niedrigwasser",17.4,17.7,22.6,18.4,2.4,2.33,7.18,95,18.99,19.38,19.7
"2026-07-20 00:35:42","2026-07-19 23:00:00","2026-07-19 22:00:00","niedrigwasser",17.1,18.2,41.3,12.2,2.35,2.18,7.18,94,19.9,22.3,23.56
"2026-07-20 01:35:29","2026-07-20 00:00:00","2026-07-19 23:00:00","niedrigwasser",17.1,18.2,37.4,13.4,2.15,2.67,7.18,94,19.7,21.69,22.79
"2026-07-20 02:35:29","2026-07-20 01:00:00","2026-07-20 00:00:00","niedrigwasser",16.9,18.2,19.2,13.4,2.3,2.54,7.18,93,19.05,19.61,20.27
"2026-07-20 03:35:28","2026-07-20 02:00:00","2026-07-20 01:00:00","niedrigwasser",16.9,18.2,16.4,13.8,2.5,2.27,7.18,93,18.98,19.32,19.9
"2026-07-20 04:35:29","2026-07-20 03:00:00","2026-07-20 02:00:00","niedrigwasser",16.9,18.6,16.1,12.2,1.5,2.2,7.18,93,19.28,19.62,20.15
"2026-07-20 05:35:29","2026-07-20 04:00:00","2026-07-20 03:00:00","niedrigwasser",16.9,18.6,16.2,12.2,2.25,2.14,7.18,93,19.28,19.71,20.36
"2026-07-20 06:35:29","2026-07-20 05:00:00","2026-07-20 04:00:00","niedrigwasser",16.6,18.6,16.5,13.4,2.3,2.56,7.18,92,19.07,19.57,20.34
"2026-07-20 07:35:29","2026-07-20 06:00:00","2026-07-20 05:00:00","niedrigwasser",16.6,18.6,16.1,15,2.65,2.42,7.18,92,19.04,19.48,20.22
"2026-07-20 08:35:28","2026-07-20 07:00:00","2026-07-20 06:00:00","niedrigwasser",16.6,19.1,16.7,16.7,2.15,2.22,8.29,92,19.31,19.97,21.01
"2026-07-20 09:35:28","2026-07-20 08:00:00","2026-07-20 07:00:00","niedrigwasser",16.4,19.1,16.3,16.3,5.9,1.48,9.46,91,19.16,20.54,22.57
"2026-07-20 10:35:30","2026-07-20 09:00:00","2026-07-20 08:00:00","niedrigwasser",16.4,24.9,10.9,15.9,5.2,2.49,10.3,91,22.4,24.44,27.51
"2026-07-20 11:35:28","2026-07-20 10:00:00","2026-07-20 09:00:00","niedrigwasser",16.4,20.1,5.62,20.1,5.4,2.72,10.7,91,19.16,19.81,21.98
"2026-07-20 12:35:27","2026-07-20 11:00:00","2026-07-20 10:00:00","niedrigwasser",15.4,18.6,4.12,27.9,2.95,2.33,9.86,87,17.73,17.53,18.81
"2026-07-20 13:35:31","2026-07-20 12:00:00","2026-07-20 11:00:00","niedrigwasser",16.1,20.1,28.4,26.4,4.1,2.15,9.06,90,19.78,21.71,23.64
"2026-07-20 14:35:27","2026-07-20 13:00:00","2026-07-20 12:00:00","niedrigwasser",15.9,20.6,6.96,22.2,2.8,2.14,7.55,89,19.52,19.56,20.48
"2026-07-20 15:35:26","2026-07-20 14:00:00","2026-07-20 13:00:00","niedrigwasser",15.6,20.6,11.6,18.4,3,2.22,6.47,88,19.64,20.16,21.15
"2026-07-20 16:35:27","2026-07-20 15:00:00","2026-07-20 14:00:00","niedrigwasser",16.4,20.6,10.5,20.5,1.7,2.52,6.13,91,19.93,19.79,20.09
"2026-07-20 17:35:27","2026-07-20 16:00:00","2026-07-20 15:00:00","niedrigwasser",20.7,19.1,5.38,21.3,2.65,2.27,5.79,107,20.79,18.56,16.9
"2026-07-20 18:35:27","2026-07-20 17:00:00","2026-07-20 16:00:00","niedrigwasser",21.9,18.6,12.3,21.3,2.55,2.07,5.79,111,21.26,19.12,17.12
"2026-07-20 19:35:27","2026-07-20 18:00:00","2026-07-20 17:00:00","niedrigwasser",22.2,18.6,17.7,17.6,2.2,2.14,6.47,112,21.61,20.07,18.41
"2026-07-20 20:35:27","2026-07-20 19:00:00","2026-07-20 18:00:00","niedrigwasser",22.2,19.1,18.2,18.8,2.8,2.66,7.55,112,21.78,20.57,19.46
"2026-07-20 21:35:27","2026-07-20 20:00:00","2026-07-20 19:00:00","niedrigwasser",21.9,19.6,24.3,17.1,2.7,2.43,8.29,111,22.18,21.87,21.38
"2026-07-20 22:35:27","2026-07-20 21:00:00","2026-07-20 20:00:00","niedrigwasser",21.3,20.1,21.2,18.4,2.65,2.11,8.68,109,22.11,21.85,21.62
"2026-07-21 00:36:00","2026-07-20 23:00:00","2026-07-20 22:00:00","niedrigwasser",21,20.1,43.8,16.7,2.45,2.14,8.29,108,22.74,24.44,24.87
"2026-07-21 01:35:29","2026-07-21 00:00:00","2026-07-20 23:00:00","niedrigwasser",20.7,20.1,39.4,15.5,1.85,2.54,8.29,107,22.46,23.86,24.26
"2026-07-21 02:35:29","2026-07-21 01:00:00","2026-07-21 00:00:00","niedrigwasser",20.7,20.1,12.8,17.1,2.05,2.34,8.29,107,21.61,20.75,20.34
"2026-07-21 03:35:29","2026-07-21 02:00:00","2026-07-21 01:00:00","niedrigwasser",19.5,20.1,10.9,17.5,1.95,2.22,7.92,103,21.04,20.32,20.13
"2026-07-21 04:35:29","2026-07-21 03:00:00","2026-07-21 02:00:00","niedrigwasser",18.4,20.1,12.6,17.1,1.05,2.22,7.18,99,20.66,20.22,20.11
"2026-07-21 05:35:29","2026-07-21 04:00:00","2026-07-21 03:00:00","niedrigwasser",17.4,20.1,19.2,17.5,1.75,2.42,6.47,95,20.41,20.77,21.09
"2026-07-21 06:35:29","2026-07-21 05:00:00","2026-07-21 04:00:00","niedrigwasser",16.1,20.1,17.3,17.1,2.3,2.31,5.79,90,19.81,20.39,21.01
"2026-07-21 07:35:29","2026-07-21 06:00:00","2026-07-21 05:00:00","niedrigwasser",15.6,20.1,18.4,13.6,2.2,2.42,5.45,88,19.7,20.62,21.45
"2026-07-21 08:35:29","2026-07-21 07:00:00","2026-07-21 06:00:00","niedrigwasser",14.9,24.4,18.4,16.4,2.1,2.58,5.12,85,21.95,23.67,25.24
"2026-07-21 09:35:28","2026-07-21 08:00:00","2026-07-21 07:00:00","niedrigwasser",13.7,22.2,17.2,14.8,2.2,2.34,5.12,80,20.09,21.8,23.47
"2026-07-21 10:35:28","2026-07-21 09:00:00","2026-07-21 08:00:00","niedrigwasser",13.3,19.6,12.1,29.2,2.55,2.24,5.45,78,17.84,18.26,19.16
"2026-07-21 11:35:46","2026-07-21 10:00:00","2026-07-21 09:00:00","niedrigwasser",13.7,19.1,8.15,16.4,1.85,2.48,5.79,80,17.84,18.24,19.26
"2026-07-21 12:36:11","2026-07-21 11:00:00","2026-07-21 10:00:00","niedrigwasser",13.7,19.1,5.73,16,3,2.63,6.13,80,17.71,18.12,19.39
"2026-07-21 13:36:10","2026-07-21 12:00:00","2026-07-21 11:00:00","niedrigwasser",13.7,19.1,5.4,15.6,4.65,2.36,6.83,80,17.67,18.4,20.14
"2026-07-21 14:36:11","2026-07-21 13:00:00","2026-07-21 12:00:00","niedrigwasser",13.7,17.2,5.89,14.4,4.75,2.22,7.92,80,16.52,17.21,19.06
"2026-07-21 15:36:07","2026-07-21 14:00:00","2026-07-21 13:00:00","niedrigwasser",13.7,18.6,13.1,13.6,4.95,2.67,7.92,80,17.56,19.15,21.53
"2026-07-21 16:36:07","2026-07-21 15:00:00","2026-07-21 14:00:00","niedrigwasser",13.7,18.6,11.3,14.1,4.15,2.46,7.92,80,17.53,18.87,21.03
"2026-07-21 17:36:05","2026-07-21 16:00:00","2026-07-21 15:00:00","niedrigwasser",13.7,20.1,18.4,15.6,3.55,2.28,7.92,80,18.67,20.75,23.19
"2026-07-21 18:36:06","2026-07-21 17:00:00","2026-07-21 16:00:00","niedrigwasser",13.7,20.6,22,18.9,2.85,2.18,7.92,80,19.05,21.29,23.69
"2026-07-21 19:36:05","2026-07-21 18:00:00","2026-07-21 17:00:00","niedrigwasser",13.9,20.6,25.4,18.8,3.35,2.41,7.55,81,19.23,21.67,24.08
"2026-07-21 20:36:05","2026-07-21 19:00:00","2026-07-21 18:00:00","niedrigwasser",14.4,20.6,23,18,4.2,2.49,7.18,83,19.38,21.52,23.73
"2026-07-21 21:36:06","2026-07-21 20:00:00","2026-07-21 19:00:00","niedrigwasser",17.9,20.6,21.6,20.5,3,2.28,6.83,97,20.92,21.49,21.98
"2026-07-21 22:36:06","2026-07-21 21:00:00","2026-07-21 20:00:00","niedrigwasser",21,20.6,23.7,20.1,2.8,2.05,6.47,108,22.43,22.1,21.38
"2026-07-22 00:37:14","2026-07-21 23:00:00","2026-07-21 22:00:00","niedrigwasser",21.9,20.6,23.5,17.2,2.25,2.67,5.79,111,22.86,22.14,20.93
"2026-07-22 01:36:05","2026-07-22 00:00:00","2026-07-21 23:00:00","niedrigwasser",21.9,20.6,23.7,17.6,1.8,2.47,6.13,111,22.87,22.17,20.97
"2026-07-22 02:36:06","2026-07-22 01:00:00","2026-07-22 00:00:00","niedrigwasser",21.9,20.1,23.6,18,1.45,2.29,6.83,111,22.55,21.83,20.69
"2026-07-22 03:36:06","2026-07-22 02:00:00","2026-07-22 01:00:00","niedrigwasser",21.6,20.1,17.4,17.2,1.15,2.22,7.55,110,22.22,21.21,20.21
"2026-07-22 04:36:05","2026-07-22 03:00:00","2026-07-22 02:00:00","niedrigwasser",21.9,20.1,14.2,17.2,1.3,2.31,8.29,111,22.21,20.99,20.05
"2026-07-22 05:36:05","2026-07-22 04:00:00","2026-07-22 03:00:00","niedrigwasser",21.3,20.1,16,16.4,1.55,2.57,8.68,109,21.96,21.21,20.76
"2026-07-22 06:36:02","2026-07-22 05:00:00","2026-07-22 04:00:00","niedrigwasser",21,20.1,16.6,16.8,1.15,2.29,8.68,108,21.88,21.22,20.8
"2026-07-22 07:36:05","2026-07-22 06:00:00","2026-07-22 05:00:00","niedrigwasser",20.1,20.1,16.4,25.7,2.15,2.18,8.68,105,21.27,20.62,20.36
"2026-07-22 08:35:39","2026-07-22 07:00:00","2026-07-22 06:00:00","niedrigwasser",18.4,20.1,16.9,16.3,2.3,2.08,8.68,99,20.73,21.11,21.82
"2026-07-22 09:35:28","2026-07-22 08:00:00","2026-07-22 07:00:00","niedrigwasser",17.6,20.1,17.1,15,1.4,2.47,8.29,96,20.4,20.93,21.74
"2026-07-22 10:35:28","2026-07-22 09:00:00","2026-07-22 08:00:00","niedrigwasser",17.6,22.7,17.1,15,2.95,2.46,8.29,96,21.95,23.13,24.61
"2026-07-22 11:35:28","2026-07-22 10:00:00","2026-07-22 09:00:00","niedrigwasser",17.6,20.1,17.3,13,3.7,2.36,8.29,96,20.41,21.31,22.56
"2026-07-22 12:35:28","2026-07-22 11:00:00","2026-07-22 10:00:00","niedrigwasser",17.9,20.1,15.5,18.1,2.35,2.15,7.92,97,20.45,20.66,21.22
"2026-07-22 13:35:30","2026-07-22 12:00:00","2026-07-22 11:00:00","niedrigwasser",18.4,20.1,8.33,20.5,3.1,2.11,7.18,99,20.42,19.72,19.68
"2026-07-22 14:35:29","2026-07-22 13:00:00","2026-07-22 12:00:00","niedrigwasser",17.6,20.1,5.52,23.4,3.1,2.23,6.47,96,19.93,18.99,18.84
"2026-07-22 15:35:27","2026-07-22 14:00:00","2026-07-22 13:00:00","niedrigwasser",17.4,20.1,6.46,22.6,2.5,2.54,5.79,95,19.9,18.93,18.62
"2026-07-22 16:35:26","2026-07-22 15:00:00","2026-07-22 14:00:00","niedrigwasser",17.1,20.1,16.9,20.9,2.95,2.31,5.45,94,20.16,20.24,20.33
"2026-07-22 17:35:27","2026-07-22 16:00:00","2026-07-22 15:00:00","niedrigwasser",17.4,20.1,6.15,22.2,3.1,2.19,5.45,95,19.94,18.99,18.63
"2026-07-22 18:35:28","2026-07-22 17:00:00","2026-07-22 16:00:00","niedrigwasser",17.4,19.1,11.7,22.2,3.55,2.14,5.45,95,19.5,18.88,18.59
"2026-07-22 19:35:28","2026-07-22 18:00:00","2026-07-22 17:00:00","niedrigwasser",17.4,18.2,11,21.3,1.65,2.53,5.79,95,18.93,17.96,17.38
"2026-07-22 20:35:28","2026-07-22 19:00:00","2026-07-22 18:00:00","niedrigwasser",17.4,18.2,13.4,14.6,1.1,2.51,6.13,95,19.15,18.67,18.41
"2026-07-22 21:35:28","2026-07-22 20:00:00","2026-07-22 19:00:00","niedrigwasser",17.1,18.2,24.1,15.4,0.5,2.28,6.13,94,19.37,19.79,19.81
"2026-07-22 22:35:28","2026-07-22 21:00:00","2026-07-22 20:00:00","niedrigwasser",16.9,18.2,24.6,16.7,0.6,2.15,6.13,93,19.28,19.77,19.83
"2026-07-23 00:35:58","2026-07-22 23:00:00","2026-07-22 22:00:00","niedrigwasser",16.6,18.2,22,13.4,0.65,2.08,6.47,92,19.13,19.71,20.03
"2026-07-23 01:35:28","2026-07-23 00:00:00","2026-07-22 23:00:00","niedrigwasser",16.1,18.2,17.6,15.4,1.25,2.51,6.83,90,18.64,19.05,19.61
"2026-07-23 02:35:28","2026-07-23 01:00:00","2026-07-23 00:00:00","niedrigwasser",15.9,18.2,15.6,14.2,0.9,2.15,6.83,89,18.57,18.9,19.43
"2026-07-23 03:35:30","2026-07-23 02:00:00","2026-07-23 01:00:00","niedrigwasser",15.9,18.2,16.3,15.9,1.5,2.12,6.83,89,18.54,18.93,19.51
"2026-07-23 04:35:30","2026-07-23 03:00:00","2026-07-23 02:00:00","niedrigwasser",15.9,18.2,16,13.8,1.55,2.12,6.83,89,18.58,19.04,19.69
"2026-07-23 05:35:30","2026-07-23 04:00:00","2026-07-23 03:00:00","niedrigwasser",15.9,18.2,16.2,13.4,2,2.22,6.83,89,18.57,19.11,19.87
"2026-07-23 06:35:30","2026-07-23 05:00:00","2026-07-23 04:00:00","niedrigwasser",15.9,18.2,16.1,14.6,1.75,2.53,6.83,89,18.51,18.95,19.65
"2026-07-23 07:35:28","2026-07-23 06:00:00","2026-07-23 05:00:00","niedrigwasser",15.6,18.2,20.4,16.3,1.25,2.31,6.83,88,18.51,19.29,20.06
"2026-07-23 08:35:28","2026-07-23 07:00:00","2026-07-23 06:00:00","niedrigwasser",15.9,18.2,23.4,18,1.4,2.18,6.83,89,18.72,19.59,20.29
"2026-07-23 09:35:27","2026-07-23 08:00:00","2026-07-23 07:00:00","niedrigwasser",15.6,18.2,29.3,15.9,1.55,2.13,6.83,88,18.81,20.39,21.46
"2026-07-23 10:35:28","2026-07-23 09:00:00","2026-07-23 08:00:00","niedrigwasser",15.6,18.6,27.8,13,0.95,2.25,6.83,88,19.07,20.65,21.76
"2026-07-23 11:35:27","2026-07-23 10:00:00","2026-07-23 09:00:00","niedrigwasser",15.6,24.4,15.7,13.9,1.2,2.53,6.83,88,22.18,23.77,25.51
"2026-07-23 12:35:27","2026-07-23 11:00:00","2026-07-23 10:00:00","niedrigwasser",15.6,19.1,14,24.2,1.05,2.31,6.83,88,18.7,18.73,19.15
"2026-07-23 13:35:27","2026-07-23 12:00:00","2026-07-23 11:00:00","niedrigwasser",15.9,18.6,13.6,20.6,0.95,2.17,6.83,89,18.61,18.57,18.89
"2026-07-23 14:35:28","2026-07-23 13:00:00","2026-07-23 12:00:00","niedrigwasser",16.4,18.2,7.19,16.4,0.55,2.09,6.83,91,18.5,17.83,17.79
"2026-07-23 15:35:28","2026-07-23 14:00:00","2026-07-23 13:00:00","niedrigwasser",16.1,18.2,5.47,18,0.65,2.11,6.83,90,18.27,17.5,17.48
"2026-07-23 16:35:28","2026-07-23 15:00:00","2026-07-23 14:00:00","niedrigwasser",15.9,18.2,7.15,18.4,0.65,2.54,7.18,89,18.16,17.62,17.87
"2026-07-23 17:35:28","2026-07-23 16:00:00","2026-07-23 15:00:00","niedrigwasser",15.6,18.2,16.7,19.2,0.3,2.27,7.18,88,18.35,18.64,19.16
"2026-07-23 18:35:29","2026-07-23 17:00:00","2026-07-23 16:00:00","niedrigwasser",15.9,18.2,17.3,18.4,0.35,2.17,7.18,89,18.53,18.82,19.27
"2026-07-23 19:35:29","2026-07-23 18:00:00","2026-07-23 17:00:00","niedrigwasser",15.9,18.2,12.2,18.4,0.2,2.06,7.18,89,18.38,18.23,18.51
"2026-07-23 20:35:28","2026-07-23 19:00:00","2026-07-23 18:00:00","niedrigwasser",15.6,18.2,21.9,17.1,0.6,2.07,7.18,88,18.57,19.43,20.21
"2026-07-23 21:35:28","2026-07-23 20:15:00","2026-07-23 19:15:00","niedrigwasser",15.6,18.2,21.1,16.3,1,2.61,7.55,88,18.47,19.4,20.41
"2026-07-23 22:35:29","2026-07-23 21:00:00","2026-07-23 20:00:00","niedrigwasser",15.4,18.2,22.7,18.8,1.4,2.37,8.29,87,18.36,19.57,20.89
"2026-07-24 00:35:58","2026-07-23 23:00:00","2026-07-23 22:00:00","niedrigwasser",15.4,18.2,28.5,14.6,0.95,2.14,8.68,87,18.66,20.56,22.23
"2026-07-24 01:35:29","2026-07-24 00:00:00","2026-07-23 23:00:00","niedrigwasser",15.4,18.2,28.7,15.4,1.1,2.11,8.29,87,18.66,20.49,22.04
"2026-07-24 02:35:28","2026-07-24 01:00:00","2026-07-24 00:00:00","niedrigwasser",15.4,18.6,27.3,15.4,1.15,2.51,8.29,87,18.81,20.59,22.2
"2026-07-24 04:05:44","2026-07-24 02:00:00","2026-07-24 01:00:00","niedrigwasser",15.4,19.1,18.4,14.6,0.4,2.32,7.92,87,18.92,19.93,21.14
"2026-07-24 05:05:27","2026-07-24 03:00:00","2026-07-24 02:00:00","niedrigwasser",15.4,19.1,17.9,13,0.75,2.2,7.55,87,18.96,19.97,21.15
"2026-07-24 06:05:28","2026-07-24 04:00:00","2026-07-24 03:00:00","niedrigwasser",15.4,19.1,17.1,14.2,0.9,2.18,7.18,87,18.92,19.77,20.78
"2026-07-24 07:05:28","2026-07-24 05:00:00","2026-07-24 04:00:00","niedrigwasser",15.6,19.6,15.7,14.7,0.95,2.13,7.18,88,19.27,20.01,20.97
"2026-07-24 08:05:28","2026-07-24 06:00:00","2026-07-24 05:00:00","niedrigwasser",15.6,20.6,13.4,18.4,1.4,2.63,7.18,88,19.66,20.26,21.31
"2026-07-24 09:05:27","2026-07-24 07:00:00","2026-07-24 06:00:00","niedrigwasser",15.4,20.6,13.6,17.5,1.25,2.39,6.83,87,19.64,20.29,21.29
"2026-07-24 10:05:27","2026-07-24 08:00:00","2026-07-24 07:00:00","niedrigwasser",15.9,22.7,14.6,19.2,1.25,2.19,6.47,89,21.18,22,22.99
"2026-07-24 11:05:28","2026-07-24 09:00:00","2026-07-24 08:00:00","niedrigwasser",16.4,20.6,13.7,20.9,0.8,2.09,6.47,91,20.08,20.15,20.46
"2026-07-24 12:05:27","2026-07-24 10:00:00","2026-07-24 09:00:00","niedrigwasser",17.1,20.6,12.2,20.9,1,2.06,6.47,94,20.35,20.09,20.13
"2026-07-24 13:05:29","2026-07-24 11:00:00","2026-07-24 10:00:00","niedrigwasser",17.6,20.6,12,18.8,1.65,2.24,6.47,96,20.57,20.3,20.34
"2026-07-24 14:05:28","2026-07-24 12:00:00","2026-07-24 11:00:00","niedrigwasser",17.6,20.1,10.3,14.2,1.35,2.49,6.83,96,20.27,19.99,20.16
"2026-07-24 15:05:28","2026-07-24 13:00:00","2026-07-24 12:00:00","niedrigwasser",17.9,19.6,5.61,19.7,1.45,2.24,6.47,97,19.88,18.73,18.26
"2026-07-24 16:05:28","2026-07-24 14:15:00","2026-07-24 13:15:00","niedrigwasser",17.9,19.6,3.12,20.9,1.3,2.14,6.83,97,19.78,18.42,17.92
"2026-07-24 17:05:28","2026-07-24 15:00:00","2026-07-24 14:00:00","niedrigwasser",17.9,19.1,3.28,18.4,1.6,2.11,6.83,97,19.53,18.24,17.79
"2026-07-24 18:05:28","2026-07-24 16:00:00","2026-07-24 15:00:00","niedrigwasser",17.9,19.6,5.27,16.7,0.95,2.09,6.83,97,19.95,18.91,18.56
"2026-07-24 19:05:28","2026-07-24 17:00:00","2026-07-24 16:00:00","niedrigwasser",17.9,19.6,9.99,19.2,0.85,2.66,6.83,97,19.98,19.2,18.93
"2026-07-24 20:05:28","2026-07-24 18:15:00","2026-07-24 17:15:00","niedrigwasser",17.9,19.1,17.2,17.6,0.3,2.37,6.47,97,20,19.68,19.36
"2026-07-24 21:05:28","2026-07-24 19:00:00","2026-07-24 18:00:00","niedrigwasser",17.9,19.6,26.1,18,0.45,2.18,6.83,97,20.57,21.16,21.29
"2026-07-24 22:05:28","2026-07-24 20:15:00","2026-07-24 19:15:00","niedrigwasser",17.6,19.6,33.1,18,0.4,2.13,7.18,96,20.65,21.98,22.52
"2026-07-24 23:05:28","2026-07-24 21:00:00","2026-07-24 20:00:00","niedrigwasser",17.6,19.6,47.4,20.1,0.85,2.09,6.83,96,21.06,23.48,24.32
"2026-07-25 00:35:43","2026-07-24 23:00:00","2026-07-24 22:00:00","niedrigwasser",17.6,19.6,17.7,15.1,0.85,2.11,6.83,96,20.24,20.4,20.55
"2026-07-25 01:35:28","2026-07-25 00:00:00","2026-07-24 23:00:00","niedrigwasser",17.6,19.6,19,15.5,0.65,2.46,6.83,96,20.23,20.45,20.63
"2026-07-25 02:35:28","2026-07-25 01:00:00","2026-07-25 00:00:00","niedrigwasser",17.6,19.6,10.9,15.5,0.25,2.27,6.83,96,20.01,19.51,19.38
"2026-07-25 03:35:28","2026-07-25 02:00:00","2026-07-25 01:00:00","niedrigwasser",17.6,17.7,14.1,16.3,0.25,2.14,6.83,96,18.95,18.34,17.95
"2026-07-25 04:35:28","2026-07-25 03:00:00","2026-07-25 02:00:00","niedrigwasser",17.6,16.8,14.9,16.3,0.6,2.27,6.83,96,18.4,17.73,17.29
"2026-07-25 05:35:28","2026-07-25 04:00:00","2026-07-25 03:00:00","niedrigwasser",17.4,15.9,14.9,12.2,1.25,2.07,6.83,95,17.86,17.35,17.07
"2026-07-25 06:35:29","2026-07-25 05:00:00","2026-07-25 04:00:00","niedrigwasser",16.9,15.9,14.5,12.1,0.65,2.6,6.83,93,17.58,17.12,16.96
"2026-07-25 07:35:28","2026-07-25 06:00:00","2026-07-25 05:00:00","niedrigwasser",16.1,15.9,12.4,12.1,2.05,2.38,6.83,90,17.15,16.95,17.21
"2026-07-27 06:12:45","2026-07-27 04:00:00","2026-07-27 03:00:00","niedrigwasser",21.6,27.8,21.2,27.3,4,3.17,7.92,110,26.63,27.26,27.91
"2026-07-27 07:05:59","2026-07-27 05:00:00","2026-07-27 04:00:00","niedrigwasser",23.1,26.7,21.1,27.7,3.35,2.87,7.92,115,26.67,26.52,26.3
"2026-07-27 08:06:07","2026-07-27 06:00:00","2026-07-27 05:00:00","niedrigwasser",24,25.5,23.9,26.5,3.6,2.76,7.92,118,26.46,26.12,25.54
"2026-07-27 09:06:06","2026-07-27 07:00:00","2026-07-27 06:00:00","niedrigwasser",24,27.8,46.9,26.6,2.85,2.8,7.55,118,28.61,30.44,30.66
"2026-07-27 10:06:06","2026-07-27 08:00:00","2026-07-27 07:00:00","niedrigwasser",24,34.1,41.2,27.3,9.45,2.71,7.55,118,32.12,35.35,37.44
"2026-07-27 11:06:06","2026-07-27 09:00:00","2026-07-27 08:00:00","niedrigwasser",24.7,25.5,19.8,25.4,10.6,2.39,7.92,120,26.55,26.51,26.67
"2026-07-27 12:05:53","2026-07-27 10:00:00","2026-07-27 09:00:00","niedrigwasser",27.7,22.2,22.7,28.6,9.15,3.13,8.29,129,25.83,24.19,22.66
"2026-07-27 13:05:26","2026-07-27 11:00:00","2026-07-27 10:00:00","niedrigwasser",28,21.2,14.6,25.7,8.95,2.79,8.68,130,25.19,22.78,20.91
"2026-07-27 14:05:26","2026-07-27 12:00:00","2026-07-27 11:00:00","niedrigwasser",25.7,20.6,12.2,18.5,8.25,2.67,9.46,123,23.86,22.28,21.46
"2026-07-27 15:05:26","2026-07-27 13:00:00","2026-07-27 12:00:00","niedrigwasser",23.7,20.1,8.97,17.6,8.3,2.57,9.46,117,22.59,21.35,21.11
"2026-07-27 16:05:26","2026-07-27 14:00:00","2026-07-27 13:00:00","niedrigwasser",22.8,18.6,7.53,15.5,9.35,2.54,9.06,114,21.27,20.08,19.99
"2026-07-27 17:05:26","2026-07-27 15:00:00","2026-07-27 14:00:00","niedrigwasser",22.2,17.7,6.28,16.3,8.65,2.48,9.46,112,20.4,19.1,19.03
"2026-07-27 18:05:28","2026-07-27 16:00:00","2026-07-27 15:00:00","niedrigwasser",21.3,17.2,4.11,14.7,8.35,3.12,9.46,109,19.59,18.32,18.5
"2026-07-27 19:05:27","2026-07-27 17:00:00","2026-07-27 16:00:00","niedrigwasser",20.4,17.2,14.2,14.6,7.9,2.74,9.46,106,19.56,19.39,20.09
"2026-07-27 20:05:27","2026-07-27 18:00:00","2026-07-27 17:00:00","niedrigwasser",19.5,17.2,26.4,12.6,7.85,2.48,9.46,103,19.62,20.85,22.26
"2026-07-27 21:05:27","2026-07-27 19:00:00","2026-07-27 18:00:00","niedrigwasser",19,17.7,30.9,12.2,7.95,2.37,9.46,101,19.86,21.75,23.58
"2026-07-27 22:05:27","2026-07-27 20:00:00","2026-07-27 19:00:00","niedrigwasser",18.7,19.1,34.1,13.8,7.5,2.34,9.06,100,20.68,22.99,24.99
"2026-07-27 23:05:26","2026-07-27 21:00:00","2026-07-27 20:00:00","niedrigwasser",18.4,19.6,44.3,18.4,7.5,2.37,9.06,99,21.07,24.22,26.54
"2026-07-28 00:35:41","2026-07-27 23:00:00","2026-07-27 22:00:00","niedrigwasser",18.2,20.6,17.7,16.8,7.95,2.88,8.68,98,20.74,21.95,23.78
"2026-07-28 01:35:27","2026-07-28 00:00:00","2026-07-27 23:00:00","niedrigwasser",18.2,20.6,13.9,17.6,7.7,2.44,8.68,98,20.66,21.51,23.12
"2026-07-28 02:35:28","2026-07-28 01:00:00","2026-07-28 00:00:00","niedrigwasser",18.2,20.6,15.8,18.5,7.75,2.39,8.68,98,20.7,21.68,23.32
"2026-07-28 03:35:27","2026-07-28 02:00:00","2026-07-28 01:00:00","niedrigwasser",18.7,20.6,15.1,16.8,6.95,2.34,8.68,100,20.97,21.7,23.07
"2026-07-28 04:35:28","2026-07-28 03:00:00","2026-07-28 02:00:00","niedrigwasser",19,20.6,14.8,18.1,7,2.36,8.68,101,21.06,21.62,22.84
"2026-07-28 05:35:28","2026-07-28 04:00:00","2026-07-28 03:00:00","niedrigwasser",19.3,20.6,14.9,14.3,7.6,2.87,8.68,102,21.2,21.9,23.28
"2026-07-28 06:35:31","2026-07-28 05:00:00","2026-07-28 04:00:00","niedrigwasser",19.3,20.6,16.6,18.5,7,2.56,8.68,102,21.22,21.81,22.97
"2026-07-28 07:35:27","2026-07-28 06:00:00","2026-07-28 05:00:00","niedrigwasser",19.3,20.6,29.9,19.7,6.85,2.44,8.68,102,21.63,23.26,24.73
"2026-07-28 08:35:27","2026-07-28 07:00:00","2026-07-28 06:00:00","niedrigwasser",19.3,20.6,27.7,18.9,6.65,2.49,8.68,102,21.57,23.03,24.44
"2026-07-28 09:35:27","2026-07-28 08:00:00","2026-07-28 07:00:00","niedrigwasser",19.3,21.2,21.7,15.5,7.2,2.92,8.68,102,21.76,23.03,24.6
"2026-07-28 10:35:27","2026-07-28 09:00:00","2026-07-28 08:00:00","niedrigwasser",19.3,20.6,14.6,6.7,7.05,2.63,8.29,102,21.42,22.29,23.69
"2026-07-28 11:35:37","2026-07-28 10:00:00","2026-07-28 09:00:00","niedrigwasser",19.3,20.6,14.3,18.5,7,2.46,8.29,102,21.17,21.5,22.47
"2026-07-28 12:35:59","2026-07-28 11:00:00","2026-07-28 10:00:00","niedrigwasser",18.7,20.6,12.2,18.9,6.9,2.37,8.68,100,20.83,21.22,22.43
"2026-07-28 13:35:58","2026-07-28 12:00:00","2026-07-28 11:00:00","niedrigwasser",17.9,20.6,4.57,18.1,7.75,2.29,8.29,97,20.26,20.34,21.65
"2026-07-28 14:35:58","2026-07-28 13:00:00","2026-07-28 12:00:00","niedrigwasser",17.4,20.6,1.93,18.5,6.9,2.78,8.29,95,19.9,19.8,21.1
"2026-07-28 15:35:58","2026-07-28 14:00:00","2026-07-28 13:00:00","niedrigwasser",17.4,20.6,2.37,19.7,7.55,2.66,7.92,95,19.91,19.8,21.05
"2026-07-28 16:35:58","2026-07-28 15:00:00","2026-07-28 14:00:00","niedrigwasser",17.6,20.6,2.78,20.6,7.65,2.46,7.18,96,20.04,19.75,20.66
"2026-07-28 17:35:57","2026-07-28 16:15:00","2026-07-28 15:15:00","niedrigwasser",17.6,20.6,17.6,21,8,2.2,7.18,96,20.52,21.49,22.86
"2026-07-28 18:35:58","2026-07-28 17:00:00","2026-07-28 16:00:00","niedrigwasser",17.6,20.6,26.5,21.8,7.55,2.32,6.83,96,20.8,22.35,23.77
"2026-07-28 19:35:59","2026-07-28 18:00:00","2026-07-28 17:00:00","niedrigwasser",17.6,21.2,26.1,18.9,6.95,2.34,6.83,96,21.22,22.91,24.42
"2026-07-28 20:35:58","2026-07-28 19:00:00","2026-07-28 18:00:00","niedrigwasser",17.4,21.2,21.9,18.5,6.9,2.74,6.83,95,20.97,22.37,23.87
"2026-07-28 21:35:58","2026-07-28 20:00:00","2026-07-28 19:00:00","niedrigwasser",17.1,21.2,22.6,22.2,6.65,2.49,6.83,94,20.81,22.19,23.63
"2026-07-28 22:35:58","2026-07-28 21:00:00","2026-07-28 20:00:00","niedrigwasser",17.1,21.2,25.9,18,6.8,2.41,6.83,94,21.01,22.86,24.56
"2026-07-29 00:36:56","2026-07-28 23:00:00","2026-07-28 22:00:00","niedrigwasser",16.9,21.2,30,18.1,6.45,2.33,6.83,93,21.06,23.28,25.11
"2026-07-29 01:35:32","2026-07-29 00:00:00","2026-07-28 23:00:00","niedrigwasser",16.9,21.2,20.3,16,6.4,2.91,7.18,93,20.72,22.26,24.04
"2026-07-29 02:35:32","2026-07-29 01:00:00","2026-07-29 00:00:00","niedrigwasser",16.9,21.2,17,15.1,5.75,2.75,7.18,93,20.67,21.91,23.5
"2026-07-29 03:35:32","2026-07-29 02:00:00","2026-07-29 01:00:00","niedrigwasser",16.9,21.2,15.5,16.4,5.8,2.43,6.83,93,20.65,21.65,23.03
"2026-07-29 04:35:32","2026-07-29 03:00:00","2026-07-29 02:00:00","niedrigwasser",16.9,20.6,14.7,17.6,6.75,2.43,6.83,93,20.21,21.1,22.46
"2026-07-29 05:35:32","2026-07-29 04:00:00","2026-07-29 03:00:00","niedrigwasser",16.9,20.1,13.3,13.9,6.45,2.32,6.83,93,19.96,20.77,22.08
"2026-07-29 06:35:33","2026-07-29 05:00:00","2026-07-29 04:00:00","niedrigwasser",16.6,19.1,13,17.2,6.7,2.32,6.83,92,19.13,19.72,20.89
"2026-07-29 07:35:32","2026-07-29 06:00:00","2026-07-29 05:00:00","niedrigwasser",17.1,19.1,13.6,17.6,7.15,2.87,6.83,94,19.29,19.78,20.89
"2026-07-29 08:35:36","2026-07-29 07:00:00","2026-07-29 06:00:00","niedrigwasser",16.9,19.1,14.2,14.7,7,2.37,6.83,93,19.34,20.07,21.31
"2026-10-02 10:13:25","2026-10-02 10:00:00","2026-10-02 09:00:00","niedrigwasser",38.3,37.5,24.7,39.9,16.5,2.99,12.8,157,39.36,38.4,37.78
"2026-10-02 16:16:56","2026-10-02 16:00:00","2026-10-02 15:00:00","unter_MQ",39.1,29.7,27,30.7,14.7,2.96,16.6,159,35.1,33.55,32.71
"2026-10-02 17:28:03","2026-10-02 18:00:00","2026-10-02 17:00:00","unter_MQ",34.4,30.3,56.6,24.1,11.7,2.12,16.1,147,34.62,37.06,38.4
"2026-10-02 18:48:07","2026-10-02 19:00:00","2026-10-02 18:00:00","unter_MQ",32.8,30.9,58.2,28.2,11.6,3.01,16.1,143,34.13,37.12,39.09
"2026-10-02 19:56:36","2026-10-02 20:00:00","2026-10-02 19:00:00","unter_MQ",31.7,30.9,72.1,31.1,9.95,2.47,15.7,140,34.14,38.26,40.5
"2026-10-02 20:54:20","2026-10-02 21:00:00","2026-10-02 20:00:00","unter_MQ",31.7,30.9,16.1,27.4,9.55,2.01,14.7,140,32.57,31.97,32.29
"2026-10-02 22:52:46","2026-10-02 23:00:00","2026-10-02 22:00:00","unter_MQ",29.8,30.9,17.9,27.9,10.1,2.32,15.2,135,31.7,31.99,33.31
"2026-10-02 23:47:51","2026-10-03 00:00:00","2026-10-02 23:00:00","unter_MQ",32.1,30.9,46.1,28.7,8.5,1.91,15.7,141,33.65,35.43,36.58
"2026-10-03 00:30:48","2026-10-03 01:00:00","2026-10-03 00:00:00","unter_MQ",31.7,30.9,35,30.7,7.25,2.18,15.7,140,33.08,33.82,34.55
"2026-10-03 01:47:53","2026-10-03 02:00:00","2026-10-03 01:00:00","unter_MQ",31.3,30.9,22.4,31.5,7.65,2.37,15.2,139,32.48,32.22,32.61
"2026-10-03 02:47:52","2026-10-03 03:00:00","2026-10-03 02:00:00","unter_MQ",31.3,30.3,23.2,30.7,8.55,1.93,13.8,139,32.25,31.84,31.84
"2026-10-03 03:47:48","2026-10-03 04:00:00","2026-10-03 03:00:00","unter_MQ",31.3,26.1,24.3,28.3,9.55,1.74,11.1,139,29.9,28.55,27.25
"2026-10-03 04:48:02","2026-10-03 05:00:00","2026-10-03 04:00:00","unter_MQ",30.6,23.3,24.1,24.8,8.4,1.65,9.86,137,28.04,26.19,24.22
"2026-10-03 05:46:23","2026-10-03 06:00:00","2026-10-03 05:00:00","unter_MQ",28.8,22.7,21.3,20.4,8.5,1.71,10.3,132,26.84,25.52,24.35
"2026-10-03 06:48:07","2026-10-03 07:00:00","2026-10-03 06:00:00","unter_MQ",26.3,19.6,16.7,12.2,8.5,2.36,10.7,125,23.77,22.73,22.3
"2026-10-03 07:47:56","2026-10-03 08:00:00","2026-10-03 07:00:00","unter_MQ",24.7,19.6,16.5,15.1,8.45,1.93,11.5,120,23,22.5,22.75
"2026-10-03 08:47:52","2026-10-03 09:00:00","2026-10-03 08:00:00","unter_MQ",23.1,19.6,16.2,16,8.8,1.74,12,115,22.25,22.34,23.33
"2026-10-03 09:47:45","2026-10-03 10:00:00","2026-10-03 09:00:00","unter_MQ",21.3,19.6,21.2,15.1,8.25,1.66,11.5,109,21.67,22.65,24.21
"2026-10-03 10:40:37","2026-10-03 11:00:00","2026-10-03 10:00:00","unter_MQ",19.3,20.1,21.5,15.1,7.95,1.61,11.5,102,21.1,22.81,25.14
"2026-10-03 11:47:48","2026-10-03 12:00:00","2026-10-03 11:00:00","unter_MQ",17.9,20.6,5.28,17.2,8.15,1.62,11.5,97,20.22,21.06,23.46
"2026-10-03 12:47:52","2026-10-03 13:00:00","2026-10-03 12:00:00","unter_MQ",16.9,20.6,2.89,15.5,6.8,2.48,10.7,93,19.7,20.41,22.77
"2026-10-03 13:47:46","2026-10-03 14:00:00","2026-10-03 13:00:00","unter_MQ",16.4,20.1,2.78,15.5,7.35,2.01,10.3,91,19.23,20.01,22.38
"2026-10-03 14:47:47","2026-10-03 15:00:00","2026-10-03 14:00:00","unter_MQ",16.4,20.6,6.85,17.6,6.85,1.81,9.46,91,19.69,20.6,22.73
"2026-10-03 15:47:55","2026-10-03 16:00:00","2026-10-03 15:00:00","unter_MQ",16.4,20.1,12.4,17.2,9.6,1.67,8.29,91,19.57,20.98,23.25
"2026-10-03 16:47:51","2026-10-03 17:00:00","2026-10-03 16:00:00","unter_MQ",16.4,20.1,26.7,19.7,8.5,1.65,8.68,91,19.98,22.42,24.96
"2026-10-03 17:47:59","2026-10-03 18:00:00","2026-10-03 17:00:00","unter_MQ",16.4,19.6,31.5,16.8,7.35,1.65,8.68,91,19.91,22.65,25.17
"2026-10-03 18:41:55","2026-10-03 19:00:00","2026-10-03 18:00:00","unter_MQ",16.1,20.1,51.1,12.9,6.25,2.52,8.68,90,20.7,25.29,28.6
"2026-10-03 19:47:55","2026-10-03 20:00:00","2026-10-03 19:00:00","unter_MQ",16.1,20.1,41.6,14.5,4.9,2.07,9.06,90,20.44,24.08,26.94
"2026-10-03 20:47:52","2026-10-03 21:00:00","2026-10-03 20:00:00","unter_MQ",16.1,20.1,20.7,15.8,4.85,1.77,8.29,90,19.83,21.53,23.45
"2026-10-03 22:47:53","2026-10-03 23:00:00","2026-10-03 22:00:00","unter_MQ",16.1,20.1,17.1,16.2,4.75,1.62,7.92,90,19.74,21.06,22.71
"2026-10-03 23:47:44","2026-10-04 00:00:00","2026-10-03 23:00:00","unter_MQ",16.1,20.1,15.5,16.2,5.9,1.6,7.92,90,19.67,20.98,22.77
"2026-10-04 00:47:47","2026-10-04 01:00:00","2026-10-04 00:00:00","unter_MQ",16.1,19.6,15,17,6.65,1.57,8.29,90,19.3,20.6,22.5
"2026-10-04 01:47:55","2026-10-04 02:00:00","2026-10-04 01:00:00","unter_MQ",16.1,19.6,14.5,17,5.95,2.39,8.68,90,19.19,20.41,22.38
"2026-10-04 02:47:50","2026-10-04 03:00:00","2026-10-04 02:00:00","unter_MQ",16.1,19.6,15.3,15.3,5.9,2.05,9.46,90,19.25,20.77,23.04
"2026-10-04 03:47:59","2026-10-04 04:00:00","2026-10-04 03:00:00","unter_MQ",16.1,19.6,15.6,17.5,6.1,1.77,9.46,90,19.24,20.72,22.93
"2026-10-04 04:47:45","2026-10-04 05:00:00","2026-10-04 04:00:00","unter_MQ",16.4,19.6,17.2,15.9,3.85,1.65,9.46,91,19.53,20.85,22.69
"2026-10-04 05:47:55","2026-10-04 06:00:00","2026-10-04 05:00:00","unter_MQ",16.4,19.1,19.3,19.7,4.9,1.6,9.46,91,19.19,20.56,22.4
"2026-10-04 06:47:48","2026-10-04 07:00:00","2026-10-04 06:00:00","unter_MQ",16.4,19.1,18.8,13.9,4.45,1.55,9.46,91,19.32,20.84,22.8
"2026-10-04 07:47:44","2026-10-04 08:00:00","2026-10-04 07:00:00","unter_MQ",16.4,19.1,15.4,15.1,5.2,1.54,9.06,91,19.19,20.39,22.2
"2026-10-04 08:47:52","2026-10-04 09:00:00","2026-10-04 08:00:00","unter_MQ",16.4,19.1,15.2,13.9,6.9,1.51,9.06,91,19.17,20.61,22.72
"2026-10-04 09:47:55","2026-10-04 10:00:00","2026-10-04 09:00:00","unter_MQ",16.9,19.6,12.9,13.9,7,2.37,9.06,93,19.52,20.68,22.71
"2026-10-04 10:48:04","2026-10-04 11:00:00","2026-10-04 10:00:00","unter_MQ",17.1,19.6,22.5,12.6,5.8,2.47,8.68,94,19.97,21.71,23.69
"2026-10-04 11:48:12","2026-10-04 12:00:00","2026-10-04 11:00:00","unter_MQ",17.1,20.6,4.74,15.5,5.7,2.13,8.68,94,20.01,20.32,21.8
"2026-10-04 12:47:46","2026-10-04 13:00:00","2026-10-04 12:00:00","unter_MQ",17.4,21.2,2.23,16,5.7,2.05,8.68,95,20.43,20.52,21.89
"2026-10-04 13:47:56","2026-10-04 14:00:00","2026-10-04 13:00:00","unter_MQ",18.2,21.2,3.6,18.1,5.05,1.97,7.92,98,20.84,20.48,21.18
"2026-10-04 14:47:49","2026-10-04 15:00:00","2026-10-04 14:00:00","unter_MQ",18.7,20.1,7.94,16.8,7.75,1.94,7.92,100,20.5,20.51,21.44
"2026-10-04 15:47:45","2026-10-04 16:00:00","2026-10-04 15:00:00","unter_MQ",19.5,19.6,6.8,20.6,7.8,1.91,7.92,103,20.44,19.84,20.24
"2026-10-04 16:47:47","2026-10-04 17:00:00","2026-10-04 16:00:00","unter_MQ",19.5,18.6,3.66,15.5,8.3,1.91,7.55,103,19.84,19.02,19.3
"2026-10-04 17:48:18","2026-10-04 18:00:00","2026-10-04 17:00:00","unter_MQ",19.5,18.2,26.5,11.8,7.6,1.91,8.68,103,20.36,21.66,22.92
"2026-10-04 18:47:57","2026-10-04 19:00:00","2026-10-04 18:00:00","unter_MQ",19.3,17.7,33.8,13.9,7.05,2.34,7.55,102,20.16,21.67,22.64
"2026-10-04 19:47:54","2026-10-04 20:00:00","2026-10-04 19:00:00","unter_MQ",18.7,17.7,36.3,12.2,9.1,2.2,7.55,100,19.97,22.2,23.84
"2026-10-04 20:48:05","2026-10-04 21:00:00","2026-10-04 20:00:00","unter_MQ",18.4,18.2,28.2,10.9,9.4,2.06,7.92,99,19.91,21.82,23.61
"2026-10-04 22:47:48","2026-10-04 23:00:00","2026-10-04 22:00:00","unter_MQ",18.2,18.2,12.5,12.2,8.75,1.94,7.55,98,19.35,19.81,20.95
"2026-10-04 23:47:50","2026-10-05 00:00:00","2026-10-04 23:00:00","unter_MQ",18.2,18.2,15.4,14.2,8.4,1.94,7.55,98,19.41,19.98,21.08
"2026-10-05 00:47:50","2026-10-05 01:00:00","2026-10-05 00:00:00","unter_MQ",18.2,18.2,17.4,12.6,8.65,2.37,7.18,98,19.46,20.22,21.39
"2026-10-05 01:47:42","2026-10-05 02:00:00","2026-10-05 01:00:00","unter_MQ",17.9,18.2,11,12.2,5.4,2.22,7.55,97,19.22,19.25,19.94
"2026-10-05 02:47:55","2026-10-05 03:00:00","2026-10-05 02:00:00","unter_MQ",17.4,18.2,3.19,13.4,6.45,2.02,7.55,95,18.72,18.34,19.1
"2026-10-05 03:47:55","2026-10-05 04:00:00","2026-10-05 03:00:00","unter_MQ",17.1,18.2,3.83,20.1,5.35,1.91,9.06,94,18.43,18.07,19.02
"2026-10-05 04:47:52","2026-10-05 05:00:00","2026-10-05 04:00:00","unter_MQ",17.1,18.2,12.1,15.5,4.75,1.89,9.86,94,18.77,19.37,20.89
"2026-10-05 05:48:01","2026-10-05 06:00:00","2026-10-05 05:00:00","unter_MQ",17.1,18.2,17.6,20.9,3.55,1.86,10.3,94,18.84,19.61,21.04
"2026-10-05 06:47:47","2026-10-05 07:00:00","2026-10-05 06:00:00","unter_MQ",17.1,18.2,42,12.2,3.5,1.89,10.3,94,19.78,22.97,25.4
"2026-10-05 07:47:47","2026-10-05 08:00:00","2026-10-05 07:00:00","unter_MQ",17.1,18.2,46.7,11.8,3.75,2.12,9.86,94,19.93,23.46,25.96
"2026-10-05 08:47:56","2026-10-05 09:00:00","2026-10-05 08:00:00","unter_MQ",16.6,18.6,24.5,10.1,3.3,2.24,9.86,92,19.29,21.22,23.33
"2026-10-05 09:48:04","2026-10-05 10:00:00","2026-10-05 09:00:00","unter_MQ",16.1,18.6,9.62,9.7,4.6,2.05,9.86,90,18.6,19.62,21.69
"2026-10-05 10:47:56","2026-10-05 11:00:00","2026-10-05 10:00:00","unter_MQ",15.9,19.1,12.4,12.6,5.85,1.95,9.46,89,18.84,20.2,22.46
"2026-10-05 11:47:56","2026-10-05 12:00:00","2026-10-05 11:00:00","unter_MQ",15.9,19.6,3.83,13,6.55,1.88,8.68,89,18.9,19.56,21.48
"2026-10-05 12:48:01","2026-10-05 13:00:00","2026-10-05 12:00:00","unter_MQ",15.9,19.6,2.57,13,6.6,1.87,7.92,89,18.89,19.31,20.97
"2026-10-05 13:47:48","2026-10-05 14:00:00","2026-10-05 13:00:00","unter_MQ",15.9,19.6,3.46,14.7,5.5,2.31,7.55,89,18.87,19.08,20.45
"2026-10-05 14:47:49","2026-10-05 15:00:00","2026-10-05 14:00:00","unter_MQ",15.9,18.6,6.05,14.3,4.9,2.22,7.55,89,18.38,18.57,19.76
"2026-10-05 15:47:50","2026-10-05 16:00:00","2026-10-05 15:00:00","unter_MQ",15.9,17.7,6.92,15.1,4.15,2.03,7.55,89,17.88,17.87,18.77
"2026-10-05 16:47:45","2026-10-05 17:00:00","2026-10-05 16:00:00","unter_MQ",15.9,17.2,15,13.4,8.1,1.95,7.55,89,17.78,18.89,20.62
"2026-10-05 17:47:59","2026-10-05 18:00:00","2026-10-05 17:00:00","unter_MQ",15.9,17.2,26.3,13.4,9.5,1.9,7.55,89,18.1,20.32,22.6
"2026-10-05 18:47:45","2026-10-05 19:00:00","2026-10-05 18:00:00","unter_MQ",15.6,18.6,29.3,14.2,8.5,1.88,7.55,88,18.93,21.6,24.11
"2026-10-05 19:48:48","2026-10-05 20:00:00","2026-10-05 19:00:00","unter_MQ",15.1,19.1,28.7,11.3,7.5,2.33,7.55,86,19.02,21.89,24.63
"2026-10-05 20:53:02","2026-10-05 21:00:00","2026-10-05 20:00:00","unter_MQ",15.1,19.6,43,11.8,4.5,2.25,7.55,86,19.84,23.63,26.36
"2026-10-05 22:48:04","2026-10-05 23:00:00","2026-10-05 22:00:00","unter_MQ",15.4,20.1,13.3,14.3,4.7,1.99,7.55,87,19.33,20.55,22.32
"2026-10-05 23:47:47","2026-10-06 00:00:00","2026-10-05 23:00:00","unter_MQ",15.9,20.1,10.2,15.1,4.7,1.93,7.92,89,19.43,20.26,21.85
"2026-10-06 00:47:58","2026-10-06 01:00:00","2026-10-06 00:00:00","unter_MQ",16.1,20.1,6.77,14.7,6.3,1.9,7.92,90,19.38,20.07,21.75
"2026-10-06 01:47:45","2026-10-06 02:00:00","2026-10-06 01:00:00","unter_MQ",16.6,20.1,2.96,15.5,6.45,1.94,7.55,92,19.48,19.6,20.87
"2026-10-06 02:48:20","2026-10-06 03:00:00","2026-10-06 02:00:00","unter_MQ",17.1,20.1,3.56,17.6,6.85,2.29,7.92,94,19.61,19.63,20.87
"2026-10-06 03:47:43","2026-10-06 04:00:00","2026-10-06 03:00:00","unter_MQ",17.1,20.1,3.46,16.8,6.15,2.03,9.06,94,19.62,19.8,21.3
"2026-10-06 05:17:58","2026-10-06 05:00:00","2026-10-06 04:00:00","unter_MQ",17.1,20.1,15.3,15.1,6.55,1.88,10.3,94,19.98,21.5,23.86
"2026-10-06 05:48:02","2026-10-06 06:00:00","2026-10-06 05:00:00","unter_MQ",17.1,20.1,23.2,20.5,6.25,1.86,10.3,94,20.12,22.03,24.38
"2026-10-06 06:47:57","2026-10-06 07:00:00","2026-10-06 06:00:00","unter_MQ",17.1,20.1,40.2,15.5,6,1.82,9.46,94,20.81,24.17,26.87
"2026-10-06 07:47:45","2026-10-06 08:00:00","2026-10-06 07:00:00","unter_MQ",17.1,20.1,34.8,15.5,5.5,1.8,8.29,94,20.7,23.35,25.43
"2026-10-06 08:47:53","2026-10-06 09:00:00","2026-10-06 08:00:00","unter_MQ",17.1,20.1,35.2,12.6,4.9,1.88,8.29,94,20.78,23.51,25.62
"2026-10-06 09:48:06","2026-10-06 10:00:00","2026-10-06 09:00:00","unter_MQ",17.1,20.1,20.9,13.9,5.1,2.2,7.92,94,20.28,21.71,23.3
"2026-10-06 10:47:52","2026-10-06 11:00:00","2026-10-06 10:00:00","unter_MQ",17.1,20.1,5.06,16.3,6.7,1.99,8.29,94,19.71,19.97,21.37
"2026-10-06 11:47:47","2026-10-06 12:00:00","2026-10-06 11:00:00","unter_MQ",17.4,7.51,3.2,17.2,7.2,1.88,7.92,95,12.1,9.78,8.9
"2026-10-06 12:48:06","2026-10-06 13:00:00","2026-10-06 12:00:00","unter_MQ",18.2,21.2,3.08,16.8,7.6,1.87,7.92,98,20.81,20.76,21.88
"2026-10-06 13:48:00","2026-10-06 14:00:00","2026-10-06 13:00:00","unter_MQ",18.2,21.2,2.75,18.5,7.25,1.82,8.68,98,20.74,20.69,21.93
"2026-10-06 14:47:46","2026-10-06 15:00:00","2026-10-06 14:00:00","unter_MQ",19,19.1,2.47,16,7.9,1.8,7.92,101,19.88,19.21,19.76
"2026-10-06 15:47:46","2026-10-06 16:00:00","2026-10-06 15:00:00","unter_MQ",19.5,18.6,5.15,16.8,8.95,1.81,8.29,103,19.82,19.28,19.9
"2026-10-06 16:47:59","2026-10-06 17:00:00","2026-10-06 16:00:00","unter_MQ",19.3,17.7,5.01,16.3,8.25,1.8,8.29,102,19.21,18.5,18.94
"2026-10-06 17:47:57","2026-10-06 18:00:00","2026-10-06 17:00:00","unter_MQ",19,17.7,32.7,15.4,7.05,1.93,8.68,101,19.96,21.62,22.96
"2026-10-06 18:48:11","2026-10-06 19:00:00","2026-10-06 18:00:00","unter_MQ",18.7,17.7,34.3,13.4,6.6,2.32,8.29,100,19.9,21.75,23.14
"2026-10-06 19:33:16","2026-10-06 20:00:00","2026-10-06 19:00:00","unter_MQ",18.2,17.7,40.9,13.4,6.3,2.06,7.92,98,19.93,22.4,23.98
"2026-10-06 20:47:54","2026-10-06 21:00:00","2026-10-06 20:00:00","unter_MQ",17.4,18.6,33.8,12.1,6.3,1.97,7.55,95,19.96,22.25,23.97
"2026-10-06 22:47:56","2026-10-06 23:00:00","2026-10-06 22:00:00","unter_MQ",17.1,19.1,13.7,12.6,5.9,1.9,7.18,94,19.53,20.19,21.32
"2026-10-06 23:47:41","2026-10-07 00:00:00","2026-10-06 23:00:00","unter_MQ",17.1,18.6,4.11,14.3,6.1,1.84,7.18,94,18.89,18.61,19.35
"2026-10-07 00:47:57","2026-10-07 01:00:00","2026-10-07 00:00:00","unter_MQ",17.1,18.6,11.2,15.1,5.85,1.84,7.55,94,19.08,19.4,20.39
"2026-10-07 01:47:56","2026-10-07 02:00:00","2026-10-07 01:00:00","unter_MQ",17.1,18.6,24.5,15.1,6.55,1.88,9.46,94,19.39,21.25,23.36
"2026-10-07 02:27:32","2026-10-07 03:00:00","2026-10-07 02:00:00","unter_MQ",17.1,18.6,6.37,16.3,6.4,2.31,9.86,94,18.73,19.07,20.76
"2026-10-07 03:47:58","2026-10-07 04:00:00","2026-10-07 03:00:00","unter_MQ",17.1,18.6,3.6,15.9,6,2.06,9.86,94,18.69,18.78,20.31
"2026-10-07 04:47:40","2026-10-07 05:00:00","2026-10-07 04:00:00","unter_MQ",17.1,18.6,2.76,16.3,6.45,1.96,9.46,94,18.67,18.66,20.09
"2026-10-07 05:48:18","2026-10-07 06:00:00","2026-10-07 05:00:00","unter_MQ",17.1,18.6,7.63,15.9,5.55,1.88,9.86,94,18.85,19.23,20.79
"2026-10-07 06:47:52","2026-10-07 07:00:00","2026-10-07 06:00:00","unter_MQ",16.9,18.6,40.7,14.6,6.2,1.84,9.46,93,19.83,23.09,25.7
"2026-10-07 07:47:50","2026-10-07 08:00:00","2026-10-07 07:00:00","unter_MQ",16.9,18.6,32,13,5,1.82,8.29,93,19.67,21.93,23.77
"2026-10-07 08:47:58","2026-10-07 09:00:00","2026-10-07 08:00:00","unter_MQ",15.4,18.6,28.6,14.6,5.2,1.82,7.92,87,18.88,21.22,23.36
"2026-10-07 09:47:51","2026-10-07 10:00:00","2026-10-07 09:00:00","unter_MQ",14.2,19.1,14.2,13,5.75,1.82,7.18,82,18.25,19.87,22.02
"2026-10-07 10:47:48","2026-10-07 11:00:00","2026-10-07 10:00:00","unter_MQ",15.4,19.6,3.56,13,6.05,1.93,6.83,87,18.75,19.15,20.58
"2026-10-07 11:48:02","2026-10-07 12:00:00","2026-10-07 11:00:00","unter_MQ",20.1,20.1,5.04,14.7,6.1,2.28,6.83,105,21.13,20.13,19.96
"2026-10-07 12:47:47","2026-10-07 13:00:00","2026-10-07 12:00:00","unter_MQ",18.7,21.2,4.05,16.8,6,2.07,6.83,100,21.12,20.6,20.98
"2026-10-07 13:47:55","2026-10-07 14:00:00","2026-10-07 13:00:00","unter_MQ",17.4,21.2,2.18,17.2,5.95,1.96,7.18,95,20.47,20.26,21.14
"2026-10-07 14:47:59","2026-10-07 15:00:00","2026-10-07 14:00:00","unter_MQ",17.6,20.6,2.31,16.4,6.15,1.88,7.55,96,20.21,19.96,20.85
"2026-10-07 15:47:48","2026-10-07 16:00:00","2026-10-07 15:00:00","unter_MQ",17.9,18.2,2.6,17.6,6.6,1.86,7.55,97,18.85,18.1,18.52
"2026-10-07 16:47:49","2026-10-07 17:00:00","2026-10-07 16:00:00","unter_MQ",18.2,17.2,28.5,14.3,6.6,1.81,7.55,98,19.26,20.54,21.55
"2026-10-07 17:48:20","2026-10-07 18:00:00","2026-10-07 17:00:00","unter_MQ",17.9,17.7,36.7,16.3,6.45,1.82,8.29,97,19.62,21.8,23.38
"2026-10-07 18:48:04","2026-10-07 19:00:00","2026-10-07 18:00:00","unter_MQ",17.4,17.7,33.1,14.6,7.1,1.81,7.92,95,19.32,21.45,23.15
"2026-10-07 19:49:15","2026-10-07 20:00:00","2026-10-07 19:00:00","unter_MQ",16.6,17.7,29.4,13.4,6.4,1.8,8.29,92,18.87,20.99,22.92
"2026-10-07 20:52:58","2026-10-07 21:00:00","2026-10-07 20:00:00","unter_MQ",16.6,17.7,12.2,15.5,6.75,1.89,7.92,92,18.29,18.85,20.15
"2026-10-07 22:47:57","2026-10-07 23:00:00","2026-10-07 22:00:00","unter_MQ",18.2,17.7,4.37,17.2,7.1,2.19,7.55,98,18.69,17.97,18.37
