lead,klasse,q_von,q_bis,f_lo,f_hi,n,abdeckung_alle,abdeckung_2020_24,hinweis
3,<MNQ,0.0,18.8,0.8816,1.0856,3255,90,95,
3,MNQ-MQ,18.8,70.8,0.8785,1.1161,86073,92,85,
3,MQ-150,70.8,150.0,0.9343,1.086,20806,93,77,
3,150-300,150.0,300.0,0.9386,1.0863,7080,91,93,
3,300-MHQ,300.0,562.0,0.9572,1.0529,1437,88,95,
3,>MHQ,562.0,,0.9733,1.0609,263,88,22,Band ueber MHQ nachweislich zu schmal (Juli 2021 ausserhalb); Scheitel eher hoeher
6,<MNQ,0.0,18.8,0.8626,1.1255,2601,91,97,
6,MNQ-MQ,18.8,70.8,0.8362,1.1525,86867,92,86,
6,MQ-150,70.8,150.0,0.9039,1.1346,20564,92,85,
6,150-300,150.0,300.0,0.8938,1.1652,7203,91,96,
6,300-MHQ,300.0,562.0,0.9242,1.1121,1428,89,92,
6,>MHQ,562.0,,0.9579,1.1109,251,87,15,Band ueber MHQ nachweislich zu schmal (Juli 2021 ausserhalb); Scheitel eher hoeher
12,<MNQ,0.0,18.8,0.8147,1.3454,1770,89,95,
12,MNQ-MQ,18.8,70.8,0.765,1.2688,88043,92,89,
12,MQ-150,70.8,150.0,0.8478,1.243,20127,90,90,
12,150-300,150.0,300.0,0.8364,1.3267,7352,91,95,
12,300-MHQ,300.0,562.0,0.8727,1.2613,1395,89,89,
12,>MHQ,562.0,,0.9253,1.1849,227,84,30,Band ueber MHQ nachweislich zu schmal (Juli 2021 ausserhalb); Scheitel eher hoeher
