Q_center,W_all,W_pre,W_post,dW_post_minus_pre,hyst_IQR_pre,n_pre,n_post
12.0,74.0,73.0,76.6,3.6,5.6,128,32
15.0,86.0,86.0,85.0,-1.0,4.5,659,174
17.0,96.5,96.2,97.0,0.8,5.2,5128,1688
21.0,107.0,107.0,107.2,0.2,5.0,15500,2802
25.0,118.8,118.5,119.8,1.2,7.0,25438,3173
29.0,133.0,133.0,133.0,0.0,8.0,22381,2713
35.0,149.0,149.0,149.0,0.0,8.5,16608,2208
42.0,166.0,166.0,166.0,0.0,9.0,14475,2171
49.0,184.0,184.2,183.0,-1.2,8.8,12552,1934
59.0,203.5,203.5,203.0,-0.5,9.8,11758,1688
70.0,224.2,224.2,225.0,0.8,11.0,10251,1292
83.0,245.5,245.0,249.0,4.0,11.2,9764,1810
99.0,267.5,267.0,271.5,4.5,11.2,8130,1491
118.0,293.0,292.0,296.0,4.0,12.5,6471,1586
140.0,318.5,318.0,322.0,4.0,13.0,5679,1508
166.0,345.0,344.5,347.0,2.5,15.5,4254,1201
198.0,375.0,374.0,377.0,3.0,16.8,3378,947
235.0,402.0,401.5,404.8,3.2,16.2,2459,640
280.0,433.2,432.0,439.8,7.8,15.5,1933,388
333.0,463.8,461.2,473.5,12.2,15.5,1136,318
396.0,496.2,492.0,504.2,12.2,18.8,761,276
471.0,525.0,519.0,543.5,24.5,18.8,515,148
560.0,553.0,548.5,576.2,27.8,15.0,345,107
666.0,580.5,576.8,596.0,19.2,14.2,187,64
792.0,606.6,606.0,,,7.5,47,0
942.0,657.5,,,,,0,0
1121.0,691.5,,,,,0,0
